,mean,sd,hdi_3%,hdi_97%,mcse_mean,mcse_sd,ess_bulk,ess_tail,r_hat
alpha[Geo0],0.687745,0.065892,0.565204,0.810861,0.001296,0.001259,2799.856049,2517.936283,1.002101
alpha[Geo1],0.756871,0.053706,0.65387,0.849359,0.001191,0.001028,2321.097217,2234.924692,1.000413
alpha[Geo10],0.843186,0.066633,0.713608,0.95403,0.001696,0.001544,1721.791353,1972.393678,1.001339
alpha[Geo11],0.711933,0.070636,0.586206,0.839695,0.001649,0.001465,2087.669442,1956.955777,1.001653
alpha[Geo12],0.664887,0.077253,0.514986,0.802144,0.001482,0.001241,2826.142313,3085.590245,1.002812
alpha[Geo13],0.855139,0.056674,0.746621,0.951819,0.001287,0.001432,2265.207382,1868.052034,1.001405
alpha[Geo14],0.78728,0.056376,0.681168,0.885677,0.001208,0.001182,2410.48729,2100.873173,1.002529
alpha[Geo15],0.870469,0.069317,0.73881,0.995771,0.00159,0.001322,2053.76608,1960.100108,1.000905
alpha[Geo16],0.631527,0.082668,0.471094,0.776712,0.001616,0.001427,2865.126129,2359.890174,1.000516
alpha[Geo17],0.644781,0.074053,0.507837,0.786619,0.001436,0.00116,2684.319394,2703.512304,1.001975
alpha[Geo18],0.356649,0.100879,0.164913,0.549622,0.002111,0.001572,2273.700372,2128.473897,1.00109
alpha[Geo19],0.756151,0.06327,0.629105,0.864716,0.001492,0.001275,1946.636962,2039.406678,1.001254
alpha[Geo2],0.41823,0.092323,0.243631,0.589481,0.001523,0.001422,3691.57258,2809.997299,1.002234
alpha[Geo20],0.532853,0.086047,0.370712,0.691633,0.001659,0.001202,2724.749476,2791.164722,1.001181
alpha[Geo21],0.696374,0.055214,0.598579,0.802149,0.001147,0.000995,2504.008512,2251.791919,1.001416
alpha[Geo22],0.937367,0.055325,0.836543,1.038888,0.001309,0.001034,1964.453636,2280.534445,1.001604
alpha[Geo23],0.723242,0.069305,0.584114,0.843555,0.001461,0.001357,2488.761626,1780.663905,1.000645
alpha[Geo24],0.726107,0.070567,0.590634,0.852903,0.001163,0.001053,3723.274483,3271.749851,1.001671
alpha[Geo25],0.83912,0.066125,0.713887,0.953818,0.001459,0.001184,2172.58484,2038.343752,1.001234
alpha[Geo26],0.767674,0.069878,0.634389,0.891634,0.001429,0.001146,2485.744132,2535.146019,1.0011
alpha[Geo27],0.509729,0.102406,0.313001,0.697767,0.001757,0.001604,3342.624559,2266.768372,1.001286
alpha[Geo28],0.327852,0.0876,0.157935,0.489292,0.001611,0.001342,2998.807985,3113.295727,1.001461
alpha[Geo29],0.80296,0.077553,0.656814,0.946145,0.001602,0.001196,2438.524797,2675.832498,1.001015
alpha[Geo3],0.442639,0.079088,0.298497,0.59587,0.001378,0.001077,3339.593104,3062.875127,1.001315
alpha[Geo30],0.942098,0.053832,0.846145,1.039729,0.001253,0.001231,2134.486859,2175.572158,1.001717
alpha[Geo31],0.785304,0.071796,0.650485,0.91312,0.001812,0.001387,1680.073392,2095.446915,1.003371
alpha[Geo32],0.642708,0.071868,0.504339,0.769591,0.001402,0.001187,2800.340339,2278.409003,1.002081
alpha[Geo33],0.633869,0.085823,0.475952,0.795583,0.001681,0.001334,2754.866072,2488.994179,1.000467
alpha[Geo34],0.719144,0.079348,0.564937,0.860269,0.001638,0.001351,2574.577002,2206.617901,1.000062
alpha[Geo35],0.732352,0.070811,0.594056,0.853454,0.001793,0.001681,1791.668372,2043.494826,1.003485
alpha[Geo36],0.834097,0.078302,0.688221,0.976188,0.001921,0.001288,1764.484483,2384.033548,1.001419
alpha[Geo37],0.903095,0.05863,0.79145,1.00218,0.001671,0.001772,1537.01467,1283.851776,1.001887
alpha[Geo38],0.732971,0.081767,0.577886,0.881346,0.001752,0.001215,2203.737713,2921.686916,1.001293
alpha[Geo39],0.848803,0.091824,0.683278,1.023477,0.002587,0.002522,1535.055122,1211.715575,1.001432
alpha[Geo4],0.898784,0.058579,0.786785,1.002027,0.001281,0.001535,2508.952779,2127.227816,1.001068
alpha[Geo5],0.699556,0.065756,0.570011,0.811828,0.001589,0.001419,2155.444861,1371.573102,1.00206
alpha[Geo6],0.837921,0.059109,0.729015,0.940773,0.001621,0.001527,1631.144861,1738.916605,1.002133
alpha[Geo7],0.968356,0.075542,0.829967,1.105515,0.001855,0.001764,1847.12471,1628.03927,1.001611
alpha[Geo8],0.857497,0.066925,0.726613,0.970476,0.001622,0.001458,1902.194158,1648.383662,1.00357
alpha[Geo9],1.041711,0.072916,0.902727,1.160731,0.002156,0.002051,1394.843566,1458.362075,1.001164
alpha0,0.731738,0.050523,0.638518,0.825099,0.00125,0.000965,1806.216061,2293.453776,1.002592
b[Channel0],-1.994785,0.432829,-2.794923,-1.194244,0.009675,0.0062,1993.561889,2603.850525,1.003032
b[Channel1],-2.445501,0.369071,-3.121964,-1.765502,0.005574,0.006141,4418.367799,2976.624667,1.000407
b[Channel2],-2.141319,0.291944,-2.677783,-1.593837,0.004272,0.004199,4693.006297,3390.945177,1.002433
b[Channel3],-1.674042,0.308201,-2.236898,-1.075141,0.004549,0.004593,4534.23759,3134.393717,1.000853
b[Channel4],-2.153052,0.319104,-2.712625,-1.526714,0.004554,0.004539,4899.216608,3476.920209,1.001468
"beta[Geo0, Channel0]",0.158559,0.08305,0.0333,0.300015,0.001747,0.002336,2864.301993,2033.857485,1.00138
"beta[Geo0, Channel1]",0.105107,0.06017,0.023945,0.211248,0.000975,0.001741,4567.863299,3232.109355,1.000453
"beta[Geo0, Channel2]",0.13016,0.094919,0.007231,0.308164,0.00124,0.001949,5885.371648,3118.764604,0.999906
"beta[Geo0, Channel3]",0.164701,0.132292,0.003912,0.393506,0.001866,0.003206,5603.811189,3159.136757,1.001716
"beta[Geo0, Channel4]",0.131961,0.105274,0.001478,0.328027,0.001375,0.002471,6196.322634,3233.355496,1.002181
"beta[Geo1, Channel0]",0.145662,0.073022,0.028775,0.277342,0.001457,0.001297,2825.45761,2734.308925,1.001836
"beta[Geo1, Channel1]",0.088915,0.04232,0.020541,0.165817,0.000615,0.00086,5183.182652,3483.16433,1.001019
"beta[Geo1, Channel2]",0.044339,0.030587,0.004121,0.102211,0.000416,0.000661,6198.688755,3005.451916,1.002712
"beta[Geo1, Channel3]",0.064968,0.04595,0.003848,0.146027,0.000562,0.001081,7116.557584,3635.347052,1.000614
"beta[Geo1, Channel4]",0.039832,0.028267,0.002638,0.091177,0.000352,0.000743,7329.91252,3084.365672,1.001161
"beta[Geo10, Channel0]",0.165487,0.093415,0.032144,0.32025,0.00236,0.003685,1986.38374,1702.557461,1.000919
"beta[Geo10, Channel1]",0.095983,0.050362,0.023017,0.185918,0.000759,0.001828,4960.41824,3443.612134,1.001231
"beta[Geo10, Channel2]",0.074229,0.056027,0.004591,0.175599,0.000826,0.001526,6517.502389,2492.556094,1.002895
"beta[Geo10, Channel3]",0.167291,0.131638,0.007562,0.411787,0.001924,0.002976,5323.69019,2897.926007,1.000091
"beta[Geo10, Channel4]",0.096657,0.077519,0.003229,0.236215,0.001095,0.002274,6860.238946,3158.908578,1.001418
"beta[Geo11, Channel0]",0.164765,0.091212,0.031305,0.320099,0.002176,0.00287,1982.229517,1713.113752,1.001916
"beta[Geo11, Channel1]",0.09794,0.053976,0.0241,0.19815,0.000815,0.001523,5381.722141,3367.928548,1.002174
"beta[Geo11, Channel2]",0.092194,0.069286,0.003999,0.211636,0.000885,0.002142,8711.360956,3219.076064,0.999999
"beta[Geo11, Channel3]",0.177031,0.136472,0.004679,0.425658,0.001866,0.002626,6092.844125,3209.875294,0.999222
"beta[Geo11, Channel4]",0.1301,0.108309,0.006098,0.325657,0.001444,0.002428,6453.986087,3308.407828,1.000382
"beta[Geo12, Channel0]",0.151768,0.075078,0.038092,0.291502,0.00148,0.001658,2791.829644,2353.561493,1.002142
"beta[Geo12, Channel1]",0.104024,0.059406,0.021211,0.204809,0.000896,0.001691,4684.11558,3580.455625,0.999925
"beta[Geo12, Channel2]",0.412335,0.210501,0.026558,0.776591,0.003609,0.003017,3086.295342,2331.929555,1.000277
"beta[Geo12, Channel3]",0.516819,0.312613,0.02752,1.062098,0.00562,0.005211,2905.190029,2535.687062,1.000655
"beta[Geo12, Channel4]",0.135336,0.113846,0.004207,0.353105,0.001478,0.00237,6273.14744,2781.503547,1.000515
"beta[Geo13, Channel0]",0.149721,0.07346,0.031877,0.2807,0.001368,0.001518,3085.47176,2994.320287,1.001196
"beta[Geo13, Channel1]",0.096784,0.051416,0.021348,0.185547,0.000791,0.001462,4702.319912,3178.647262,1.002423
"beta[Geo13, Channel2]",0.071862,0.051357,0.003781,0.163966,0.000647,0.001305,7654.378842,2975.17931,1.000446
"beta[Geo13, Channel3]",0.108235,0.08414,0.003456,0.260173,0.001121,0.002026,5935.063694,3113.962988,1.000302
"beta[Geo13, Channel4]",0.071262,0.060068,0.00167,0.176002,0.000871,0.001975,6011.733176,2886.264142,1.000116
"beta[Geo14, Channel0]",0.143425,0.072679,0.026313,0.276629,0.00141,0.001528,2815.071078,2487.876371,1.003432
"beta[Geo14, Channel1]",0.088695,0.044928,0.018802,0.167306,0.000689,0.001253,4925.170066,2935.952604,1.000525
"beta[Geo14, Channel2]",0.065927,0.047315,0.001886,0.153159,0.000674,0.001062,5908.479775,3027.633541,1.000601
"beta[Geo14, Channel3]",0.100689,0.078632,0.0044,0.239622,0.001174,0.002017,4679.625465,3187.933663,1.000486
"beta[Geo14, Channel4]",0.078221,0.05981,0.004099,0.185092,0.000813,0.001441,6116.328368,3070.80065,0.999914
"beta[Geo15, Channel0]",0.15419,0.080494,0.030876,0.305413,0.001824,0.001898,2202.887456,2090.423308,1.001535
"beta[Geo15, Channel1]",0.095195,0.048484,0.021391,0.18376,0.000766,0.001221,4414.541901,3015.003144,1.000866
"beta[Geo15, Channel2]",0.135441,0.093031,0.007099,0.308655,0.00118,0.001624,6170.09505,3043.746734,0.999845
"beta[Geo15, Channel3]",0.126075,0.096763,0.005643,0.303763,0.001237,0.002166,7686.57798,3026.638371,1.000943
"beta[Geo15, Channel4]",0.221009,0.160888,0.010185,0.497788,0.002333,0.003438,4523.17318,3156.219569,1.001182
"beta[Geo16, Channel0]",0.163167,0.091544,0.029601,0.318729,0.002113,0.003095,2204.268473,2468.085903,1.001901
"beta[Geo16, Channel1]",0.092736,0.046206,0.017371,0.173959,0.00072,0.001089,4514.891507,2976.5305,1.000601
"beta[Geo16, Channel2]",0.301161,0.187372,0.014636,0.627964,0.002582,0.003436,5095.195526,3275.754138,1.000491
"beta[Geo16, Channel3]",0.381928,0.272197,0.008936,0.849112,0.004315,0.004464,3853.331591,3295.761114,1.000113
"beta[Geo16, Channel4]",0.429315,0.264105,0.008825,0.877364,0.004212,0.004643,3342.826576,2217.717974,1.000279
"beta[Geo17, Channel0]",0.147829,0.074592,0.029026,0.277075,0.001462,0.001723,2922.725625,2258.130651,1.001405
"beta[Geo17, Channel1]",0.091714,0.045334,0.016332,0.167592,0.00068,0.001187,5227.453218,3178.062889,1.000389
"beta[Geo17, Channel2]",0.15435,0.120642,0.00399,0.371435,0.001665,0.002767,5462.376552,2897.51136,0.999892
"beta[Geo17, Channel3]",0.197028,0.157027,0.002674,0.48135,0.002271,0.003404,5091.28477,3042.917232,1.000508
"beta[Geo17, Channel4]",0.586842,0.291297,0.079804,1.086791,0.00439,0.006206,3942.672412,2117.94487,1.000759
"beta[Geo18, Channel0]",0.151697,0.078505,0.033217,0.286684,0.001511,0.002085,3041.496146,2763.964196,1.001472
"beta[Geo18, Channel1]",0.093158,0.046089,0.026279,0.182414,0.000658,0.001089,5305.159762,3323.198051,1.00032
"beta[Geo18, Channel2]",0.807168,0.333067,0.243672,1.463936,0.006113,0.005675,2647.909094,1919.035332,1.001374
"beta[Geo18, Channel3]",1.297835,0.551227,0.292486,2.285772,0.010374,0.010381,2597.798152,2050.93693,1.000011
"beta[Geo18, Channel4]",0.142849,0.119681,0.001865,0.363635,0.001617,0.002582,5973.991427,2594.070625,1.000261
"beta[Geo19, Channel0]",0.152616,0.077457,0.029094,0.288529,0.001771,0.002042,2184.883567,2416.289509,1.001921
"beta[Geo19, Channel1]",0.093623,0.048018,0.022578,0.182007,0.000759,0.001419,4576.2574,3074.608232,1.000026
"beta[Geo19, Channel2]",0.127968,0.089643,0.005505,0.288818,0.001121,0.001867,7092.238363,3057.456311,1.000122
"beta[Geo19, Channel3]",0.126194,0.096483,0.002667,0.300443,0.001316,0.002178,6436.210899,3193.098176,1.001375
"beta[Geo19, Channel4]",0.087051,0.06756,0.005124,0.205256,0.000882,0.001735,7651.785848,3226.29471,0.999558
"beta[Geo2, Channel0]",0.139157,0.068648,0.031509,0.265751,0.001241,0.001298,3234.540009,2913.486283,1.001796
"beta[Geo2, Channel1]",0.092324,0.046527,0.024604,0.179875,0.000675,0.001193,5491.298848,3584.377561,0.999779
"beta[Geo2, Channel2]",0.207284,0.150693,0.00696,0.479226,0.001964,0.003005,5622.621332,2794.915118,1.000551
"beta[Geo2, Channel3]",1.038189,0.47892,0.207439,1.962781,0.008199,0.008935,3175.797455,2098.227538,1.001244
"beta[Geo2, Channel4]",0.443581,0.305198,0.01396,0.981756,0.004626,0.005592,3580.385175,2438.503671,1.000292
"beta[Geo20, Channel0]",0.156411,0.08179,0.028034,0.297084,0.001431,0.001854,3135.260862,2746.251443,1.002047
"beta[Geo20, Channel1]",0.106317,0.062574,0.025618,0.210704,0.001051,0.002231,4135.722276,3440.566353,1.000464
"beta[Geo20, Channel2]",0.3795,0.213853,0.031723,0.758851,0.003662,0.003577,3050.424767,2398.776639,1.000408
"beta[Geo20, Channel3]",0.475808,0.326362,0.018316,1.070024,0.004891,0.005922,4191.73517,3300.711193,1.000578
"beta[Geo20, Channel4]",0.68021,0.307646,0.154784,1.267263,0.004529,0.006365,4281.017698,2259.75066,0.999926
"beta[Geo21, Channel0]",0.141862,0.071678,0.029685,0.272574,0.001363,0.001641,3099.343454,2834.157256,1.001344
"beta[Geo21, Channel1]",0.090206,0.043852,0.021545,0.168509,0.000685,0.001256,4857.846064,2951.742581,1.000478
"beta[Geo21, Channel2]",0.077518,0.055282,0.002571,0.176345,0.000722,0.001201,6886.89812,2911.082515,1.000777
"beta[Geo21, Channel3]",0.133344,0.101321,0.005096,0.321304,0.00157,0.002277,5030.814418,3337.635087,1.00087
"beta[Geo21, Channel4]",0.0601,0.046006,0.003095,0.139896,0.000568,0.001184,8203.672552,3183.888652,1.000686
"beta[Geo22, Channel0]",0.153522,0.077136,0.032375,0.29431,0.001564,0.001696,2769.45886,2511.148651,1.001136
"beta[Geo22, Channel1]",0.09741,0.049005,0.017924,0.181431,0.000737,0.001217,4741.076614,2958.529108,1.000267
"beta[Geo22, Channel2]",0.059576,0.042917,0.003573,0.137379,0.000582,0.001014,6962.903431,2630.12071,1.00007
"beta[Geo22, Channel3]",0.087933,0.068726,0.002564,0.205326,0.000896,0.001713,7165.940264,2582.580284,0.999647
"beta[Geo22, Channel4]",0.052615,0.039979,0.002463,0.124774,0.000569,0.001154,8294.431739,2736.168262,0.999636
"beta[Geo23, Channel0]",0.153224,0.07568,0.038147,0.292374,0.001703,0.001625,2130.698269,2208.093763,1.00306
"beta[Geo23, Channel1]",0.089387,0.043804,0.022294,0.171901,0.000653,0.000925,4994.074714,3358.601748,1.001136
"beta[Geo23, Channel2]",0.166278,0.120681,0.006353,0.377826,0.001552,0.0027,6221.907413,3148.504021,1.000813
"beta[Geo23, Channel3]",0.275566,0.199266,0.009063,0.628114,0.003098,0.004035,4403.756465,2913.871249,1.000854
"beta[Geo23, Channel4]",0.162596,0.130964,0.004956,0.396596,0.001807,0.003193,6339.956348,2838.022981,1.000714
"beta[Geo24, Channel0]",0.141097,0.069682,0.028889,0.273597,0.001204,0.001152,3442.738749,3088.086947,1.001405
"beta[Geo24, Channel1]",0.093329,0.048588,0.023671,0.177843,0.000727,0.001854,5317.116677,3064.201632,1.001443
"beta[Geo24, Channel2]",0.151634,0.107741,0.006908,0.347572,0.001379,0.002151,7024.601074,3281.33647,1.0003
"beta[Geo24, Channel3]",0.267191,0.202865,0.008752,0.634942,0.003031,0.004846,4379.897058,3188.794471,0.999891
"beta[Geo24, Channel4]",0.217025,0.170572,0.005573,0.514924,0.002378,0.003812,5674.30937,3382.676064,0.999696
"beta[Geo25, Channel0]",0.148622,0.074704,0.037491,0.28374,0.001429,0.001561,3042.165182,2946.869949,1.001287
"beta[Geo25, Channel1]",0.094905,0.047656,0.023558,0.181063,0.000698,0.001215,5117.503821,3370.131411,1.000159
"beta[Geo25, Channel2]",0.156409,0.119,0.002394,0.371455,0.001531,0.002517,5614.874294,2932.192615,1.000199
"beta[Geo25, Channel3]",0.165947,0.129078,0.00363,0.394043,0.001873,0.002716,5088.577486,2731.497724,1.001238
"beta[Geo25, Channel4]",0.147666,0.122961,0.002244,0.367472,0.001831,0.002783,5299.779374,3474.367417,0.999684
"beta[Geo26, Channel0]",0.155391,0.081638,0.033675,0.303688,0.00153,0.001968,2873.898746,2770.414334,1.001504
"beta[Geo26, Channel1]",0.100284,0.053785,0.022433,0.189614,0.000829,0.001803,5027.272846,3036.625475,1.000755
"beta[Geo26, Channel2]",0.104827,0.078677,0.003725,0.248281,0.001015,0.001835,7963.339955,3150.454605,1.000003
"beta[Geo26, Channel3]",0.258502,0.185883,0.010072,0.597261,0.002946,0.003252,4248.819026,2840.274983,0.999449
"beta[Geo26, Channel4]",0.095184,0.076078,0.003413,0.235961,0.000979,0.001729,7550.398687,3062.752695,1.002205
"beta[Geo27, Channel0]",0.14701,0.072634,0.032337,0.27914,0.001343,0.001415,3078.6177,2632.601903,1.001574
"beta[Geo27, Channel1]",0.095527,0.049112,0.020645,0.18687,0.000715,0.001216,5294.938887,2825.651286,1.000278
"beta[Geo27, Channel2]",0.263619,0.185769,0.005307,0.590394,0.002731,0.003898,4423.366198,3003.363615,1.001121
"beta[Geo27, Channel3]",1.118239,0.434563,0.336933,1.946956,0.006804,0.007242,3717.362991,1915.97607,1.000558
"beta[Geo27, Channel4]",0.18254,0.154691,0.006451,0.456935,0.002018,0.003795,6970.23912,2944.953701,1.002137
"beta[Geo28, Channel0]",0.150945,0.077943,0.032795,0.288893,0.00139,0.001785,3240.226348,2759.028729,1.001546
"beta[Geo28, Channel1]",0.098256,0.050494,0.025144,0.191693,0.000747,0.001322,5014.322206,2946.412439,1.000802
"beta[Geo28, Channel2]",0.575304,0.279903,0.055947,1.054147,0.005144,0.004878,2605.295742,1889.658322,1.002332
"beta[Geo28, Channel3]",1.92789,0.567769,0.964558,3.033911,0.008754,0.009306,4254.641111,3183.745247,1.000327
"beta[Geo28, Channel4]",0.262102,0.212522,0.00848,0.640917,0.003105,0.004837,4540.294397,2558.468994,1.000602
"beta[Geo29, Channel0]",0.160456,0.086166,0.037424,0.31476,0.001816,0.00242,2535.719028,2412.087382,1.001667
"beta[Geo29, Channel1]",0.107207,0.061461,0.022034,0.214875,0.00098,0.001792,4427.54858,3176.228917,1.000177
"beta[Geo29, Channel2]",0.37355,0.200224,0.033647,0.720852,0.003184,0.003663,3622.756636,2767.747771,1.000171
"beta[Geo29, Channel3]",0.360503,0.249185,0.009306,0.800225,0.003993,0.00417,3865.477426,2888.928217,0.999864
"beta[Geo29, Channel4]",0.125365,0.110658,0.001559,0.323366,0.001532,0.003157,7126.479372,2952.192943,1.0001
"beta[Geo3, Channel0]",0.146791,0.071618,0.031564,0.278127,0.001299,0.001368,3315.257047,3205.644463,1.00209
"beta[Geo3, Channel1]",0.10068,0.05693,0.023569,0.197115,0.000901,0.002321,4912.149343,3250.039435,1.000094
"beta[Geo3, Channel2]",0.24879,0.169141,0.014795,0.557881,0.00258,0.002819,3793.280826,2333.210135,1.001263
"beta[Geo3, Channel3]",0.358707,0.270736,0.007028,0.848398,0.004012,0.005505,4491.336951,3138.481701,1.000317
"beta[Geo3, Channel4]",1.353214,0.443107,0.595435,2.171102,0.006272,0.008414,5119.399667,3306.562182,1.000547
"beta[Geo30, Channel0]",0.148381,0.076248,0.03022,0.287943,0.001649,0.00176,2465.081833,1898.35453,1.001779
"beta[Geo30, Channel1]",0.084691,0.041294,0.019847,0.161331,0.000668,0.000952,4358.192035,3242.328602,1.001215
"beta[Geo30, Channel2]",0.046043,0.03194,0.004227,0.104875,0.000432,0.000838,6652.02257,2814.344913,1.001047
"beta[Geo30, Channel3]",0.057065,0.04191,0.003807,0.131416,0.000525,0.001213,7575.119328,3195.021952,1.000579
"beta[Geo30, Channel4]",0.05817,0.043983,0.003123,0.138369,0.00057,0.001053,6987.760382,2654.97503,1.000616
"beta[Geo31, Channel0]",0.160754,0.085858,0.030534,0.310174,0.002092,0.002311,1977.164003,1508.057945,1.003782
"beta[Geo31, Channel1]",0.108304,0.067804,0.023925,0.222344,0.001187,0.002758,4103.757139,3188.015419,1.001109
"beta[Geo31, Channel2]",0.132626,0.0997,0.003938,0.315437,0.001347,0.002091,6449.296149,2824.384722,1.000388
"beta[Geo31, Channel3]",0.213285,0.158907,0.005194,0.499198,0.002452,0.003309,4413.309002,2880.036237,1.001108
"beta[Geo31, Channel4]",0.136722,0.108921,0.003023,0.325546,0.001459,0.002584,6407.851284,3053.562121,1.000166
"beta[Geo32, Channel0]",0.157832,0.083825,0.032962,0.302008,0.001825,0.002324,2498.087856,1961.414093,1.001883
"beta[Geo32, Channel1]",0.108835,0.071196,0.023043,0.217016,0.001198,0.006773,4547.48899,3285.201255,1.00053
"beta[Geo32, Channel2]",0.24377,0.170307,0.008011,0.541654,0.002476,0.003502,4943.942665,3131.447872,1.000447
"beta[Geo32, Channel3]",0.292632,0.218313,0.006703,0.690269,0.003194,0.004158,4894.721626,3162.48366,1.000037
"beta[Geo32, Channel4]",0.350004,0.241753,0.007565,0.785002,0.003495,0.004403,4440.513302,2838.940585,1.000774
"beta[Geo33, Channel0]",0.147474,0.073769,0.028351,0.280648,0.001297,0.001488,3232.080033,2706.105102,1.001593
"beta[Geo33, Channel1]",0.104876,0.063343,0.024146,0.209379,0.001054,0.002777,4865.139351,3292.22906,1.001314
"beta[Geo33, Channel2]",0.208513,0.15071,0.001951,0.484095,0.002194,0.002705,4404.281435,3180.51546,1.000242
"beta[Geo33, Channel3]",0.712582,0.3481,0.066632,1.312982,0.00548,0.00561,3765.331858,2470.932895,1.000361
"beta[Geo33, Channel4]",0.175847,0.14878,0.003807,0.44825,0.001984,0.003615,6801.861381,2570.371603,1.000401
"beta[Geo34, Channel0]",0.158079,0.083948,0.034247,0.306526,0.001961,0.002809,2282.118671,1662.507068,1.002057
"beta[Geo34, Channel1]",0.102921,0.057584,0.021907,0.200203,0.000993,0.001911,4370.033325,2852.289414,1.00051
"beta[Geo34, Channel2]",0.217481,0.147475,0.014618,0.484681,0.002091,0.002997,4805.437132,2959.994891,1.00098
"beta[Geo34, Channel3]",0.349441,0.241526,0.004245,0.778069,0.003467,0.003848,4924.821247,3565.714577,1.000051
"beta[Geo34, Channel4]",0.210254,0.164683,0.003106,0.500433,0.002176,0.003297,5892.080575,3069.658052,1.00263
"beta[Geo35, Channel0]",0.15803,0.082056,0.03236,0.304664,0.002012,0.002327,2147.391819,1739.177834,1.003348
"beta[Geo35, Channel1]",0.090966,0.043605,0.025346,0.176364,0.000648,0.000937,5163.740857,3351.581119,0.999913
"beta[Geo35, Channel2]",0.133356,0.09793,0.007427,0.312938,0.001305,0.002293,5930.188234,2999.77256,1.000477
"beta[Geo35, Channel3]",0.211118,0.162572,0.007167,0.500146,0.00257,0.003738,4667.136032,3190.647671,1.002172
"beta[Geo35, Channel4]",0.116311,0.094652,0.001507,0.286223,0.001356,0.002622,6582.84511,3143.288153,0.999624
"beta[Geo36, Channel0]",0.16396,0.09042,0.029769,0.316867,0.002213,0.002552,1923.017439,2131.48543,1.001098
"beta[Geo36, Channel1]",0.104598,0.059321,0.021794,0.208548,0.000945,0.001672,4498.830437,3083.07547,1.000035
"beta[Geo36, Channel2]",0.322914,0.184742,0.021351,0.63909,0.002976,0.002827,3602.062622,2582.506153,1.00003
"beta[Geo36, Channel3]",0.3812,0.274515,0.011321,0.868782,0.004612,0.005335,3449.687743,2940.619064,1.000597
"beta[Geo36, Channel4]",0.19171,0.159454,0.004338,0.471085,0.002244,0.003879,6669.414723,3051.094189,1.000593
"beta[Geo37, Channel0]",0.155671,0.084049,0.027475,0.300535,0.002267,0.003144,1861.310696,1262.851366,1.002125
"beta[Geo37, Channel1]",0.084699,0.040206,0.020766,0.159877,0.000607,0.000864,4855.350081,3188.650937,1.001669
"beta[Geo37, Channel2]",0.070447,0.050009,0.005612,0.159306,0.000665,0.001267,7502.651195,3335.559226,1.000483
"beta[Geo37, Channel3]",0.101937,0.07822,0.006111,0.245319,0.001044,0.001951,7099.463069,3372.201771,1.000596
"beta[Geo37, Channel4]",0.056884,0.043313,0.001687,0.133288,0.0006,0.001197,6644.862271,2790.108702,1.001845
"beta[Geo38, Channel0]",0.164969,0.092121,0.034099,0.325585,0.00222,0.003119,2096.94417,1897.862849,1.000783
"beta[Geo38, Channel1]",0.101405,0.05761,0.020457,0.194008,0.000931,0.002657,4498.1313,3192.378622,1.000038
"beta[Geo38, Channel2]",0.174044,0.134932,0.004341,0.41451,0.001913,0.0032,5879.551802,2836.402061,1.000115
"beta[Geo38, Channel3]",0.523977,0.302709,0.016743,1.041278,0.004765,0.005313,3517.91226,2307.058218,1.000299
"beta[Geo38, Channel4]",0.148997,0.124228,0.005457,0.373063,0.001734,0.003339,7039.647419,3251.309777,1.00062
"beta[Geo39, Channel0]",0.193717,0.135855,0.032306,0.415759,0.004773,0.006186,1038.993696,1668.215269,1.002133
"beta[Geo39, Channel1]",0.112511,0.072847,0.019123,0.228011,0.001194,0.002865,4182.76476,3136.083108,1.000049
"beta[Geo39, Channel2]",0.240467,0.168206,0.00516,0.535719,0.002285,0.003114,4530.753121,2266.27637,0.999772
"beta[Geo39, Channel3]",0.768318,0.380539,0.081982,1.432186,0.006119,0.00657,3445.193429,1957.823537,1.00009
"beta[Geo39, Channel4]",0.654296,0.309849,0.064002,1.1779,0.004702,0.006377,3858.612705,1951.331468,0.999992
"beta[Geo4, Channel0]",0.151692,0.078926,0.032132,0.29647,0.001826,0.002466,2348.726871,1996.704857,1.002707
"beta[Geo4, Channel1]",0.089645,0.042261,0.023511,0.168281,0.00065,0.000889,4542.969166,3177.820594,1.000631
"beta[Geo4, Channel2]",0.116218,0.09051,0.005138,0.271079,0.001209,0.003965,6630.284899,3221.415755,0.999706
"beta[Geo4, Channel3]",0.132505,0.102703,0.005795,0.314384,0.00141,0.002335,6320.697922,3210.398905,1.000562
"beta[Geo4, Channel4]",0.113208,0.093197,0.002244,0.284871,0.001301,0.002076,5679.23717,2795.593936,1.002811
"beta[Geo5, Channel0]",0.155,0.080182,0.035678,0.307926,0.002049,0.002131,1871.418854,1977.930742,1.003272
"beta[Geo5, Channel1]",0.095933,0.049843,0.023655,0.184217,0.000726,0.001481,5536.60468,3509.162633,1.00071
"beta[Geo5, Channel2]",0.121207,0.086854,0.004083,0.280317,0.001143,0.00177,5913.924132,3200.819291,0.999907
"beta[Geo5, Channel3]",0.165396,0.131651,0.002775,0.406121,0.002034,0.002936,5562.814513,3204.238193,1.000832
"beta[Geo5, Channel4]",0.184436,0.142626,0.004853,0.439788,0.002004,0.003131,5081.647048,3004.314145,1.000669
"beta[Geo6, Channel0]",0.156501,0.080411,0.032183,0.300761,0.002054,0.002157,1943.498142,1732.39042,1.002788
"beta[Geo6, Channel1]",0.092504,0.046405,0.022071,0.177018,0.000748,0.001454,4451.735266,3261.556886,1.00015
"beta[Geo6, Channel2]",0.068081,0.051382,0.003661,0.160319,0.000795,0.001405,5816.581674,2857.25853,1.000957
"beta[Geo6, Channel3]",0.098819,0.075638,0.003216,0.235765,0.001011,0.001794,7449.178825,2939.015361,1.000162
"beta[Geo6, Channel4]",0.084341,0.067097,0.001861,0.201869,0.000857,0.001748,8318.125385,3441.147628,1.000182
"beta[Geo7, Channel0]",0.161223,0.087249,0.034064,0.315709,0.002305,0.002589,1620.864029,1724.835761,1.00328
"beta[Geo7, Channel1]",0.11128,0.072665,0.023645,0.224528,0.001207,0.003,4097.975144,3245.214068,1.001469
"beta[Geo7, Channel2]",0.098583,0.07425,0.004539,0.23529,0.000965,0.001815,6636.027316,2990.27623,1.00081
"beta[Geo7, Channel3]",0.262381,0.192899,0.004898,0.60237,0.003004,0.003624,4293.799013,2940.634387,1.000401
"beta[Geo7, Channel4]",0.107912,0.090789,0.00456,0.273085,0.001231,0.00222,7195.754147,3083.957761,1.000374
"beta[Geo8, Channel0]",0.169127,0.096846,0.030275,0.328729,0.002272,0.00306,2085.780856,1739.37965,1.001645
"beta[Geo8, Channel1]",0.103408,0.057789,0.026292,0.204047,0.000981,0.002066,4180.712901,3053.645452,1.001927
"beta[Geo8, Channel2]",0.091057,0.062115,0.006144,0.203163,0.000796,0.001389,7093.916509,3309.154493,1.001126
"beta[Geo8, Channel3]",0.213258,0.164855,0.003436,0.509413,0.002567,0.003652,4070.128576,2652.194883,1.000826
"beta[Geo8, Channel4]",0.081673,0.06683,0.001598,0.198127,0.000872,0.001863,7844.613552,2966.519554,1.000846
"beta[Geo9, Channel0]",0.175591,0.106605,0.034839,0.367145,0.003202,0.00414,1407.760068,1342.48953,1.0013
"beta[Geo9, Channel1]",0.099451,0.053406,0.027181,0.196817,0.000845,0.001874,4397.612633,3097.731062,1.000373
"beta[Geo9, Channel2]",0.071839,0.051475,0.003803,0.161324,0.000644,0.001218,7651.792554,3159.951519,1.001162
"beta[Geo9, Channel3]",0.161504,0.128593,0.004009,0.399186,0.001932,0.002943,5506.154247,2857.576436,0.999513
"beta[Geo9, Channel4]",0.073008,0.058538,0.002558,0.175189,0.000755,0.001602,8274.873019,3007.846281,1.000382
decay[Channel0],0.778192,0.161496,0.473487,0.988767,0.003022,0.004134,3777.672593,2461.641153,1.001438
decay[Channel1],0.538465,0.231747,0.119495,0.910949,0.003811,0.002352,3820.747381,3025.129676,1.000695
decay[Channel2],0.224327,0.16593,0.001164,0.556244,0.004357,0.002911,1653.817854,2289.602064,1.001178
decay[Channel3],0.070082,0.044356,0.002751,0.149026,0.000658,0.000766,4124.193163,2729.103366,1.000465
decay[Channel4],0.065717,0.044487,0.003106,0.143943,0.000646,0.000845,4071.685197,2406.835223,1.000092
delta[0],-0.005452,0.016337,-0.038324,0.022957,0.000187,0.000262,7611.900979,2963.21953,1.002329
delta[1],-0.012717,0.007934,-0.027127,0.002013,0.000123,0.000118,4162.456567,3161.10389,1.000166
delta[2],0.000602,0.006329,-0.010958,0.012675,7e-05,0.0001,8173.577093,3314.945134,1.003647
gamma[0],-0.134106,0.005758,-0.145406,-0.123661,7.4e-05,9.6e-05,6114.299369,2857.604723,1.0017
gamma[1],-0.061807,0.006018,-0.072933,-0.050405,8e-05,9.3e-05,5724.938892,3055.829049,0.999552
gamma[2],0.020063,0.004568,0.011291,0.028371,5.2e-05,7.2e-05,7817.687278,3168.126948,1.002033
gamma[3],0.00954,0.00553,-0.000955,0.019947,6.1e-05,8.9e-05,8061.059054,3329.438559,1.000093
k[Channel0],1.191676,0.839844,0.22755,2.571837,0.01559,0.035506,3166.675058,3142.098855,1.000369
k[Channel1],1.594841,1.037278,0.23683,3.419569,0.015191,0.027826,4831.561038,2768.408014,1.000986
k[Channel2],2.047923,0.908701,0.57421,3.6816,0.014782,0.019546,4032.001065,3086.234225,1.001009
k[Channel3],2.907295,1.131996,1.230396,5.105544,0.018527,0.023522,4102.285702,2921.334087,0.999783
k[Channel4],2.7955,1.26616,0.874252,5.000228,0.018459,0.031196,5095.966071,3241.444466,1.000509
sigma,0.284751,0.002891,0.279132,0.289975,3.6e-05,4.7e-05,6377.288319,3361.591358,0.999901
tau[Channel0],0.25836,0.188439,0.00064,0.598672,0.006648,0.003409,851.282925,1720.928045,1.000473
tau[Channel1],0.281845,0.198909,0.000125,0.637172,0.004432,0.002769,1797.708448,2058.363285,1.000271
tau[Channel2],0.91197,0.152642,0.625683,1.198614,0.002918,0.002265,2709.288674,2701.48365,1.000859
tau[Channel3],1.027876,0.154949,0.758097,1.333933,0.002714,0.002139,3189.368883,2936.621362,1.000066
tau[Channel4],1.001719,0.14823,0.722559,1.269084,0.002569,0.002079,3236.121741,3010.940203,1.000907
tau_alpha,0.176524,0.024791,0.131226,0.22174,0.00058,0.000379,1813.78761,2817.645178,1.001022
z_alpha[Geo0],-0.255237,0.33121,-0.885,0.358012,0.005309,0.005743,4100.265438,2746.658463,1.000519
z_alpha[Geo1],0.141562,0.267335,-0.325561,0.678939,0.004415,0.004397,3731.267666,2884.121365,1.000197
z_alpha[Geo10],0.638228,0.336889,-0.032602,1.20353,0.006159,0.007411,3251.205304,2450.676739,1.000532
z_alpha[Geo11],-0.114186,0.342514,-0.730823,0.538895,0.005849,0.006279,3723.00177,2250.078242,1.000058
z_alpha[Geo12],-0.381717,0.396599,-1.109148,0.373429,0.006139,0.006157,4198.006406,3287.481166,1.000551
z_alpha[Geo13],0.70882,0.299285,0.157749,1.248239,0.004982,0.004629,3648.270982,3213.764945,1.000235
z_alpha[Geo14],0.318072,0.292581,-0.215022,0.886405,0.004876,0.004966,3640.330041,2793.068402,1.0016
z_alpha[Geo15],0.796558,0.353933,0.122455,1.439905,0.005558,0.005511,4051.59603,3111.192112,1.000754
z_alpha[Geo16],-0.575897,0.428151,-1.357787,0.231414,0.006804,0.007277,4049.103051,2513.724507,0.999501
z_alpha[Geo17],-0.500896,0.390535,-1.201007,0.271771,0.006212,0.005832,3951.827743,3114.959506,0.999947
z_alpha[Geo18],-2.142717,0.52882,-3.167175,-1.163439,0.008802,0.008967,3569.968094,2310.593982,1.000631
z_alpha[Geo19],0.139189,0.313763,-0.494989,0.689935,0.005352,0.004998,3549.855996,2684.483329,1.000856
z_alpha[Geo2],-1.793382,0.488328,-2.7206,-0.918381,0.007422,0.006697,4320.580367,3328.501891,1.000941
z_alpha[Geo20],-1.138558,0.452306,-2.032095,-0.327872,0.006974,0.006964,4158.107149,2867.803907,1.000632
z_alpha[Geo21],-0.206083,0.288129,-0.745799,0.321655,0.004954,0.004398,3379.653671,2929.488364,1.001285
z_alpha[Geo22],1.182293,0.304343,0.609937,1.748138,0.004527,0.00482,4577.546523,3104.075855,1.001284
z_alpha[Geo23],-0.048324,0.348818,-0.703021,0.623648,0.00543,0.0056,4177.12165,3120.811967,1.001008
z_alpha[Geo24],-0.032026,0.373456,-0.755889,0.632751,0.00567,0.005655,4316.531348,3007.10273,1.000336
z_alpha[Geo25],0.61558,0.338226,-0.043191,1.226495,0.005309,0.005724,4108.8216,3148.012343,1.000413
z_alpha[Geo26],0.204609,0.35626,-0.491342,0.857881,0.006065,0.005427,3602.206883,2584.597707,1.000037
z_alpha[Geo27],-1.266099,0.543795,-2.325276,-0.277811,0.008315,0.009095,4231.899941,2728.359175,1.000471
z_alpha[Geo28],-2.313597,0.471167,-3.193393,-1.458978,0.007329,0.00759,4137.192075,3195.612134,1.001139
z_alpha[Geo29],0.409766,0.392632,-0.31855,1.140386,0.006551,0.006308,3654.976211,2559.633726,0.999833
z_alpha[Geo3],-1.66161,0.449063,-2.563447,-0.864914,0.006998,0.00749,4243.696958,2748.71993,0.999828
z_alpha[Geo30],1.209868,0.29355,0.665737,1.783024,0.004717,0.004077,3886.818201,3327.287616,1.000224
z_alpha[Geo31],0.308239,0.354751,-0.344288,0.988127,0.006194,0.005928,3366.178202,2661.537637,1.001706
z_alpha[Geo32],-0.511815,0.373404,-1.234811,0.165572,0.00526,0.00523,5054.02958,3530.369679,0.999755
z_alpha[Geo33],-0.560433,0.442331,-1.403104,0.242857,0.006637,0.007001,4431.368137,2992.586986,1.00028
z_alpha[Geo34],-0.073208,0.405221,-0.880777,0.648843,0.006156,0.00586,4393.775416,3040.726996,1.001782
z_alpha[Geo35],0.003268,0.353285,-0.676266,0.633944,0.005709,0.00599,3975.612481,3074.726473,1.00162
z_alpha[Geo36],0.58822,0.394579,-0.155145,1.328551,0.006588,0.006046,3678.972798,2827.817647,0.999829
z_alpha[Geo37],0.985198,0.310359,0.413976,1.601297,0.005818,0.006381,2951.669881,2312.500143,1.00092
z_alpha[Geo38],0.00814,0.425094,-0.782599,0.804236,0.006693,0.00653,4050.525603,3060.368916,1.00229
z_alpha[Geo39],0.671989,0.480257,-0.146204,1.650382,0.008955,0.010363,3112.599436,2024.456449,0.999972
z_alpha[Geo4],0.959839,0.308589,0.390721,1.536537,0.004826,0.005255,4176.045337,2942.2718,1.000944
z_alpha[Geo5],-0.185337,0.332567,-0.822999,0.408948,0.00516,0.005621,4370.636872,2966.647141,1.000123
z_alpha[Geo6],0.609828,0.298611,0.012555,1.149879,0.004637,0.005149,4293.296538,2151.789066,1.000892
z_alpha[Geo7],1.360183,0.395927,0.612662,2.087856,0.006947,0.006568,3299.503524,2911.893468,1.000551
z_alpha[Geo8],0.722422,0.349474,0.064825,1.358266,0.006309,0.006584,3197.78856,2513.698863,1.001681
z_alpha[Geo9],1.780824,0.396243,1.033909,2.508291,0.007194,0.008208,3238.628372,1952.574606,1.001008
"z_beta[Geo0, Channel0]",0.054939,0.990461,-1.878761,1.819093,0.012025,0.016167,6772.483261,3002.610579,1.001092
"z_beta[Geo0, Channel1]",0.153821,1.016175,-1.64802,2.172461,0.01077,0.018804,8821.461674,2835.007607,1.000235
"z_beta[Geo0, Channel2]",-0.181472,0.82046,-1.712713,1.269025,0.010807,0.01322,6383.084101,2791.94904,1.000135
"z_beta[Geo0, Channel3]",-0.441872,0.779396,-1.953444,0.910235,0.010425,0.011114,5630.999091,3370.402648,1.000682
"z_beta[Geo0, Channel4]",-0.193622,0.80307,-1.702545,1.243335,0.010959,0.013069,5792.047589,3449.053454,1.000676
"z_beta[Geo1, Channel0]",-0.154295,0.976937,-1.883403,1.783217,0.013028,0.018071,5736.540902,3302.096843,1.00029
"z_beta[Geo1, Channel1]",-0.19261,0.953439,-2.040143,1.492702,0.010983,0.017624,7534.656989,2837.189743,1.002238
"z_beta[Geo1, Channel2]",-1.333757,0.710516,-2.607874,0.005472,0.008446,0.012055,7318.236888,2839.334171,1.002652
"z_beta[Geo1, Channel3]",-1.281193,0.671834,-2.549523,-0.050853,0.008221,0.011989,7114.023752,3281.293231,1.000325
"z_beta[Geo1, Channel4]",-1.317619,0.661721,-2.559873,-0.124415,0.007875,0.010511,7531.730188,3136.726299,0.999836
"z_beta[Geo10, Channel0]",0.14817,1.015042,-1.728471,2.068767,0.014454,0.018829,4914.369874,2798.12293,1.000596
"z_beta[Geo10, Channel1]",-0.038001,0.988145,-1.87869,1.840948,0.010685,0.015817,8522.797528,3161.023521,1.002026
"z_beta[Geo10, Channel2]",-0.795173,0.769995,-2.35449,0.553721,0.009099,0.014711,7519.963584,2727.416213,1.002728
"z_beta[Geo10, Channel3]",-0.417763,0.787578,-1.912141,0.930574,0.011166,0.013071,5178.514713,3018.730428,0.999971
"z_beta[Geo10, Channel4]",-0.488717,0.771518,-1.975208,0.847288,0.009411,0.012984,6929.245911,3074.009826,1.001169
"z_beta[Geo11, Channel0]",0.149604,0.989777,-1.774577,1.966483,0.013166,0.016705,5662.802081,3031.159615,0.999983
"z_beta[Geo11, Channel1]",-0.012288,0.996973,-1.879156,1.813355,0.01004,0.018849,9894.793751,2637.03757,1.001311
"z_beta[Geo11, Channel2]",-0.553008,0.788599,-2.036589,0.873552,0.008934,0.013135,8233.629631,3291.852292,1.001454
"z_beta[Geo11, Channel3]",-0.356872,0.788231,-1.866114,0.978514,0.010184,0.0119,6135.238279,3051.860187,0.999559
"z_beta[Geo11, Channel4]",-0.225062,0.82355,-1.711222,1.306027,0.010443,0.013391,6770.622848,3294.908739,1.000443
"z_beta[Geo12, Channel0]",-0.022219,0.954746,-1.844944,1.764009,0.010662,0.016843,8015.978701,3030.833557,1.001655
"z_beta[Geo12, Channel1]",0.143271,0.992884,-1.794546,1.913616,0.011197,0.016462,7869.935222,3363.586002,1.001544
"z_beta[Geo12, Channel2]",1.198524,0.69589,-0.184342,2.338501,0.013721,0.015553,2958.881615,2264.835665,1.000258
"z_beta[Geo12, Channel3]",0.760154,0.715056,-0.63715,1.844141,0.013085,0.017386,3448.925577,2789.415677,1.003286
"z_beta[Geo12, Channel4]",-0.203706,0.849027,-1.824612,1.231912,0.011512,0.014079,6239.139687,2604.086384,1.002172
"z_beta[Geo13, Channel0]",-0.079542,1.006767,-1.971377,1.81178,0.012698,0.018116,6279.59512,3003.039158,1.000404
"z_beta[Geo13, Channel1]",-0.039174,0.991401,-1.936193,1.799744,0.010945,0.017027,8239.368233,3019.263228,1.001762
"z_beta[Geo13, Channel2]",-0.815858,0.745294,-2.237164,0.51549,0.008626,0.012793,8095.777406,2944.314302,1.000794
"z_beta[Geo13, Channel3]",-0.823793,0.739312,-2.235279,0.450698,0.01,0.011592,5707.343865,3013.528521,1.001027
"z_beta[Geo13, Channel4]",-0.805179,0.773934,-2.291098,0.587145,0.010148,0.013415,6081.924814,2975.774203,0.999665
"z_beta[Geo14, Channel0]",-0.200387,0.985573,-2.016347,1.691704,0.013809,0.015953,5067.394141,2950.83166,1.000774
"z_beta[Geo14, Channel1]",-0.224241,0.995653,-2.061886,1.691411,0.011694,0.018517,7248.99341,2180.409611,1.002287
"z_beta[Geo14, Channel2]",-0.913032,0.75373,-2.194305,0.577801,0.009758,0.012832,6350.654255,2920.288115,1.000286
"z_beta[Geo14, Channel3]",-0.906056,0.754075,-2.419907,0.406378,0.010614,0.011747,5288.593017,3223.497164,1.000328
"z_beta[Geo14, Channel4]",-0.678202,0.743311,-2.055815,0.686086,0.010009,0.012482,5774.31548,2882.277375,0.999916
"z_beta[Geo15, Channel0]",-0.013749,1.003871,-2.03139,1.748542,0.011513,0.018461,7590.850301,2468.559132,1.000388
"z_beta[Geo15, Channel1]",-0.054745,0.998591,-1.906626,1.855703,0.011158,0.017781,8052.559606,3093.934894,1.000281
"z_beta[Geo15, Channel2]",-0.116622,0.781708,-1.642819,1.218615,0.010181,0.012552,6570.111081,3214.382921,1.000502
"z_beta[Geo15, Channel3]",-0.68283,0.761839,-2.062749,0.713552,0.0098,0.013397,6567.963045,2257.985374,0.999996
"z_beta[Geo15, Channel4]",0.343088,0.816215,-1.266233,1.678845,0.012887,0.013109,4469.910562,3396.435628,1.000721
"z_beta[Geo16, Channel0]",0.113391,1.005324,-1.806745,1.956328,0.011621,0.017421,7505.544677,2966.288745,1.000861
"z_beta[Geo16, Channel1]",-0.105281,0.938435,-1.985197,1.530976,0.010959,0.015211,7331.66473,3158.038282,1.000234
"z_beta[Geo16, Channel2]",0.7805,0.81717,-0.868494,2.111785,0.012086,0.013682,5411.432521,3235.533031,1.000793
"z_beta[Geo16, Channel3]",0.391759,0.826227,-1.156856,1.819848,0.013284,0.012441,4004.527946,3086.20309,1.000199
"z_beta[Geo16, Channel4]",1.069276,0.72797,-0.404172,2.159905,0.013794,0.016451,3484.586386,2145.691275,1.003255
"z_beta[Geo17, Channel0]",-0.109997,0.96987,-1.917552,1.7467,0.011733,0.017857,6863.0082,2935.880679,1.000294
"z_beta[Geo17, Channel1]",-0.146858,1.001168,-2.07968,1.634448,0.010846,0.017851,8491.498476,3097.88159,1.003007
"z_beta[Geo17, Channel2]",-0.02363,0.847416,-1.66755,1.420909,0.011173,0.013437,6102.643557,3105.518966,1.000916
"z_beta[Geo17, Channel3]",-0.269967,0.792225,-1.677983,1.216017,0.011487,0.012453,4906.223593,2626.1247,1.001937
"z_beta[Geo17, Channel4]",1.488201,0.55117,0.433836,2.454868,0.010193,0.015042,3389.920038,2038.082409,1.001721
"z_beta[Geo18, Channel0]",-0.060379,0.979896,-1.81957,1.845339,0.010346,0.01784,9001.349757,2965.175674,1.001417
"z_beta[Geo18, Channel1]",-0.099452,0.96858,-1.935776,1.63671,0.010886,0.015943,7891.348966,3193.607243,1.000062
"z_beta[Geo18, Channel2]",2.030883,0.503795,1.120647,2.949513,0.010905,0.014795,2411.328381,1896.32857,1.001933
"z_beta[Geo18, Channel3]",1.795121,0.450468,0.923501,2.5439,0.009892,0.016456,2424.4552,1917.716215,1.001989
"z_beta[Geo18, Channel4]",-0.144493,0.843941,-1.748885,1.289636,0.011106,0.013742,6348.878492,2647.451862,1.000374
"z_beta[Geo19, Channel0]",-0.033236,0.992876,-1.904088,1.821617,0.012467,0.015835,6361.974386,3167.716269,1.00191
"z_beta[Geo19, Channel1]",-0.080835,0.963414,-1.87147,1.745432,0.010792,0.016174,7940.147509,3020.671697,1.001591
"z_beta[Geo19, Channel2]",-0.185604,0.80407,-1.690258,1.29909,0.009766,0.014824,7554.655711,2901.045502,0.999598
"z_beta[Geo19, Channel3]",-0.672951,0.749729,-2.028384,0.697795,0.009322,0.011341,6486.203076,3279.151211,0.99964
"z_beta[Geo19, Channel4]",-0.576791,0.757325,-2.00195,0.758812,0.009248,0.011809,6864.136873,3364.42237,1.000276
"z_beta[Geo2, Channel0]",-0.278549,0.943941,-2.086644,1.442231,0.010937,0.015464,7454.52012,3000.346403,1.000783
"z_beta[Geo2, Channel1]",-0.126569,0.985037,-1.90487,1.851742,0.010401,0.018494,9008.026468,2347.49277,1.001436
"z_beta[Geo2, Channel2]",0.315494,0.837438,-1.227586,1.745588,0.01193,0.014882,5841.572026,2613.005385,0.99996
"z_beta[Geo2, Channel3]",1.541995,0.535472,0.525318,2.459015,0.011521,0.017086,2497.33992,2167.574556,1.000127
"z_beta[Geo2, Channel4]",1.039746,0.819424,-0.587471,2.39348,0.015252,0.017274,3659.463598,2544.37434,1.000243
"z_beta[Geo20, Channel0]",0.013859,1.02381,-1.769895,2.07627,0.010342,0.021023,9920.738303,2512.563777,1.000901
"z_beta[Geo20, Channel1]",0.160015,1.026458,-1.817247,2.040086,0.011371,0.019399,8234.15831,2420.854829,1.001368
"z_beta[Geo20, Channel2]",1.090066,0.710294,-0.3591,2.308274,0.013886,0.015305,2839.894362,2763.823364,1.00128
"z_beta[Geo20, Channel3]",0.62512,0.781653,-0.955344,1.85946,0.012355,0.013025,4405.62706,3062.678241,1.00034
"z_beta[Geo20, Channel4]",1.663926,0.499251,0.732372,2.56076,0.009017,0.014085,3586.199637,2281.942936,1.000634
"z_beta[Geo21, Channel0]",-0.23354,0.971023,-2.055276,1.641229,0.012703,0.016844,5826.401783,3058.580372,1.00023
"z_beta[Geo21, Channel1]",-0.160556,0.930137,-2.01984,1.4515,0.010192,0.016675,8359.623816,3140.251569,1.001588
"z_beta[Geo21, Channel2]",-0.735733,0.763831,-2.11731,0.669181,0.009708,0.01255,6762.872059,2987.003139,1.001259
"z_beta[Geo21, Channel3]",-0.621923,0.759358,-2.072824,0.733604,0.010523,0.011719,5297.12416,3075.562612,1.001245
"z_beta[Geo21, Channel4]",-0.936216,0.725405,-2.353082,0.342483,0.008656,0.012046,7439.170546,2692.769472,0.99958
"z_beta[Geo22, Channel0]",-0.012023,1.004812,-1.919357,1.805659,0.012042,0.018276,6987.273557,3009.205966,1.002358
"z_beta[Geo22, Channel1]",0.017035,0.969583,-1.762438,1.792201,0.010016,0.016554,9385.836354,2774.324885,1.001257
"z_beta[Geo22, Channel2]",-1.023357,0.754107,-2.443991,0.354945,0.009312,0.014214,6993.281817,2685.813535,0.999665
"z_beta[Geo22, Channel3]",-1.026701,0.73017,-2.421274,0.251368,0.008956,0.011773,6934.702309,3346.054043,1.000111
"z_beta[Geo22, Channel4]",-1.064576,0.710034,-2.365382,0.258511,0.007893,0.012462,8373.194065,2954.405825,1.000228
"z_beta[Geo23, Channel0]",-0.008557,0.958357,-1.843129,1.744816,0.0109,0.01683,7732.509139,2913.978031,0.999508
"z_beta[Geo23, Channel1]",-0.202067,0.951503,-1.991669,1.585682,0.010614,0.018156,8065.708252,2735.662372,1.001318
"z_beta[Geo23, Channel2]",0.074569,0.824742,-1.547332,1.453857,0.010952,0.013823,6588.684185,3262.946264,1.000296
"z_beta[Geo23, Channel3]",0.087317,0.776663,-1.436103,1.389366,0.011726,0.011801,4566.625882,3081.635813,1.000564
"z_beta[Geo23, Channel4]",0.002492,0.835682,-1.603146,1.419802,0.010308,0.014605,7365.056422,2642.468902,1.000517
"z_beta[Geo24, Channel0]",-0.234371,0.976979,-2.124416,1.564014,0.012338,0.015454,6270.334741,3300.363286,1.000566
"z_beta[Geo24, Channel1]",-0.105505,0.978948,-1.907705,1.798774,0.009747,0.018838,10157.605127,2781.579468,1.002476
"z_beta[Geo24, Channel2]",-0.009526,0.815708,-1.560719,1.41194,0.009715,0.01283,7815.600516,2876.076823,1.000583
"z_beta[Geo24, Channel3]",0.046741,0.786322,-1.462958,1.398944,0.011689,0.012796,4729.930173,3292.041852,0.999902
"z_beta[Geo24, Channel4]",0.291286,0.839146,-1.393082,1.659743,0.011639,0.012698,5708.284682,3392.850099,0.999893
"z_beta[Geo25, Channel0]",-0.095876,0.982791,-2.024182,1.678587,0.011513,0.016302,7306.970774,2981.108704,1.00062
"z_beta[Geo25, Channel1]",-0.053997,0.976657,-1.97061,1.707155,0.010945,0.016967,7971.794437,2862.494435,0.999357
"z_beta[Geo25, Channel2]",-0.013375,0.859881,-1.535226,1.580933,0.012058,0.014718,5845.667964,2992.718112,1.000642
"z_beta[Geo25, Channel3]",-0.430336,0.78674,-1.91505,0.98532,0.010926,0.013154,5390.649945,2989.442625,1.000501
"z_beta[Geo25, Channel4]",-0.110741,0.853326,-1.753966,1.359654,0.012101,0.012791,5123.084058,3091.159446,0.999459
"z_beta[Geo26, Channel0]",0.010397,0.981476,-1.738132,1.914436,0.011809,0.019044,6859.478749,2616.97378,1.000158
"z_beta[Geo26, Channel1]",0.068466,0.981536,-1.726378,1.869943,0.010161,0.018007,9311.396355,2857.030447,1.000675
"z_beta[Geo26, Channel2]",-0.429334,0.801905,-1.99759,0.984028,0.009936,0.014216,7117.658191,2994.547319,1.000783
"z_beta[Geo26, Channel3]",0.028453,0.765559,-1.377347,1.378712,0.012144,0.011729,4082.641333,2988.112338,0.999622
"z_beta[Geo26, Channel4]",-0.510286,0.791635,-2.090767,0.845426,0.009386,0.013541,7583.836147,2885.708225,1.001339
"z_beta[Geo27, Channel0]",-0.118559,0.946597,-1.9944,1.583414,0.010831,0.016966,7622.363186,2728.706975,1.001108
"z_beta[Geo27, Channel1]",-0.04328,0.984391,-1.85726,1.742204,0.010158,0.019445,9350.369637,2684.378418,1.000778
"z_beta[Geo27, Channel2]",0.586083,0.853653,-0.960464,2.123544,0.013291,0.01502,4823.89338,2893.439589,1.000489
"z_beta[Geo27, Channel3]",1.663814,0.456321,0.85809,2.492655,0.008954,0.013378,3035.917085,1746.357479,1.002427
"z_beta[Geo27, Channel4]",0.084715,0.871693,-1.541668,1.610315,0.010567,0.015025,7739.765966,2315.867427,1.003534
"z_beta[Geo28, Channel0]",-0.077686,0.982777,-1.864504,1.834885,0.011785,0.017108,6959.360163,2439.688893,1.000409
"z_beta[Geo28, Channel1]",0.019419,0.981284,-1.854898,1.919059,0.010211,0.019536,9322.427417,2491.786344,0.999267
"z_beta[Geo28, Channel2]",1.585028,0.668219,0.388222,2.786426,0.014332,0.021492,2665.811959,1846.49839,1.000351
"z_beta[Geo28, Channel3]",2.255208,0.336706,1.655633,2.913444,0.007158,0.00496,2222.098018,2707.179188,1.001831
"z_beta[Geo28, Channel4]",0.459899,0.873604,-1.191741,1.916593,0.013307,0.01374,4850.973167,3133.893484,1.001451
"z_beta[Geo29, Channel0]",0.067243,0.992898,-1.771953,1.936795,0.011479,0.015775,7446.095406,2919.025939,1.004433
"z_beta[Geo29, Channel1]",0.176506,1.036653,-1.771787,2.030888,0.011366,0.017945,8307.810274,2822.136524,1.00162
"z_beta[Geo29, Channel2]",1.082223,0.683585,-0.255477,2.181191,0.012112,0.015333,3694.467233,2580.63184,1.00031
"z_beta[Geo29, Channel3]",0.356354,0.791182,-1.195116,1.643252,0.013605,0.013139,3519.3952,2936.669228,1.00066
"z_beta[Geo29, Channel4]",-0.278718,0.838635,-1.881206,1.235073,0.010269,0.014104,7078.780351,2960.879272,0.999865
"z_beta[Geo3, Channel0]",-0.127087,0.996811,-2.06857,1.667026,0.011545,0.016126,7455.264138,3203.177513,1.001248
"z_beta[Geo3, Channel1]",0.059696,0.988621,-1.818137,1.881813,0.011303,0.018468,7693.054586,2885.674525,1.000855
"z_beta[Geo3, Channel2]",0.52433,0.853218,-1.084862,2.019425,0.014709,0.014197,3757.711671,2690.925259,1.000098
"z_beta[Geo3, Channel3]",0.321067,0.808547,-1.245658,1.694498,0.012225,0.012693,4784.63319,3077.655629,1.000178
"z_beta[Geo3, Channel4]",2.433262,0.383549,1.733797,3.133561,0.007767,0.006824,2449.382484,2509.049571,1.002231
"z_beta[Geo30, Channel0]",-0.119153,0.969945,-1.980055,1.715965,0.013154,0.018525,5466.917048,2936.402761,1.001907
"z_beta[Geo30, Channel1]",-0.352547,0.952546,-2.062596,1.477859,0.012392,0.015493,5911.731688,3134.93269,1.001561
"z_beta[Geo30, Channel2]",-1.289848,0.707579,-2.571063,0.005674,0.008283,0.011301,7766.244791,3212.04478,1.000469
"z_beta[Geo30, Channel3]",-1.417898,0.667633,-2.683117,-0.204739,0.008285,0.011111,6884.584571,3070.9994,1.00143
"z_beta[Geo30, Channel4]",-0.973753,0.746965,-2.39002,0.379789,0.00942,0.01336,6881.350541,2828.837338,1.00014
"z_beta[Geo31, Channel0]",0.086196,0.985405,-1.851932,1.878603,0.013013,0.016612,5694.913357,3018.555191,0.999655
"z_beta[Geo31, Channel1]",0.195499,1.028099,-1.771481,2.077163,0.01109,0.017661,8559.307293,3149.92709,1.001029
"z_beta[Geo31, Channel2]",-0.173359,0.819153,-1.757316,1.233891,0.010251,0.013769,6648.882208,2834.983589,0.999819
"z_beta[Geo31, Channel3]",-0.164455,0.769393,-1.587759,1.191645,0.011084,0.0127,5122.276679,3227.678723,1.003134
"z_beta[Geo31, Channel4]",-0.15882,0.819325,-1.787108,1.251961,0.010645,0.013272,6489.446725,2975.938779,1.002305
"z_beta[Geo32, Channel0]",0.04937,0.973631,-1.781604,1.817956,0.010457,0.015817,8611.127306,2849.528696,1.002991
"z_beta[Geo32, Channel1]",0.207468,1.034205,-1.714546,2.141223,0.011781,0.017519,7689.723532,2984.18367,1.001574
"z_beta[Geo32, Channel2]",0.502671,0.837648,-1.098762,1.899979,0.011896,0.013205,5467.178283,2975.081907,1.001156
"z_beta[Geo32, Channel3]",0.132795,0.790261,-1.414279,1.465346,0.011465,0.012535,5181.249838,3429.951409,1.000545
"z_beta[Geo32, Channel4]",0.819708,0.770632,-0.727668,2.059124,0.012304,0.014297,4735.518867,2669.244931,1.001516
"z_beta[Geo33, Channel0]",-0.107743,0.933274,-1.860032,1.585046,0.010392,0.016381,8078.958004,2793.819498,1.000598
"z_beta[Geo33, Channel1]",0.120833,1.025905,-1.749347,2.050987,0.010154,0.019725,10233.319155,2916.10471,1.005653
"z_beta[Geo33, Channel2]",0.321654,0.850731,-1.388634,1.72286,0.012675,0.013706,4800.03062,2813.820455,0.999765
"z_beta[Geo33, Channel3]",1.161896,0.588036,0.066091,2.163944,0.010956,0.015093,3346.491276,2316.063712,0.999857
"z_beta[Geo33, Channel4]",0.056157,0.856996,-1.627126,1.455925,0.010885,0.015555,6949.007466,2379.55648,1.000972
"z_beta[Geo34, Channel0]",0.056354,0.994141,-1.813714,1.919296,0.010721,0.019153,8615.683958,2881.850129,1.001378
"z_beta[Geo34, Channel1]",0.104334,1.022225,-1.778638,2.002,0.010457,0.019978,9505.531374,2777.676709,1.001189
"z_beta[Geo34, Channel2]",0.397335,0.832047,-1.133942,1.840363,0.012744,0.015626,4800.183496,2816.247466,1.000997
"z_beta[Geo34, Channel3]",0.331149,0.773104,-1.168869,1.600694,0.01144,0.012232,4800.308494,3408.636714,1.000933
"z_beta[Geo34, Channel4]",0.258606,0.842108,-1.360148,1.664327,0.011428,0.013186,6232.050104,2881.113263,1.001739
"z_beta[Geo35, Channel0]",0.051003,0.996585,-1.74465,2.038411,0.010643,0.017396,8759.774221,3178.033129,1.000939
"z_beta[Geo35, Channel1]",-0.158285,0.96671,-1.911375,1.648592,0.011157,0.016818,7489.614928,2726.924705,1.001694
"z_beta[Geo35, Channel2]",-0.158009,0.81989,-1.792932,1.201723,0.010046,0.014395,7289.169095,2842.421609,1.001316
"z_beta[Geo35, Channel3]",-0.190116,0.799198,-1.677597,1.190453,0.012105,0.011853,4407.233214,3039.384347,1.002012
"z_beta[Geo35, Channel4]",-0.322732,0.806693,-1.898518,1.082302,0.010234,0.012964,6564.263443,2984.453929,1.001895
"z_beta[Geo36, Channel0]",0.116868,1.004493,-1.835993,1.896118,0.012478,0.016262,6485.332183,3172.285598,1.000907
"z_beta[Geo36, Channel1]",0.135403,1.000365,-1.784997,1.981378,0.010957,0.016487,8327.237937,2875.173808,1.00002
"z_beta[Geo36, Channel2]",0.884404,0.752331,-0.691789,2.062142,0.013125,0.015087,3817.722096,2880.92745,1.00056
"z_beta[Geo36, Channel3]",0.390931,0.801045,-1.176526,1.691307,0.01422,0.012909,3256.821504,2713.60924,1.000672
"z_beta[Geo36, Channel4]",0.14614,0.862845,-1.456464,1.656084,0.010958,0.01371,6623.39851,2736.4944,1.000395
"z_beta[Geo37, Channel0]",-0.015977,0.948304,-1.750057,1.762654,0.013172,0.01529,5131.614322,2811.163648,1.000145
"z_beta[Geo37, Channel1]",-0.345342,0.968239,-2.137449,1.487157,0.010775,0.016121,8058.421242,3195.174563,1.000156
"z_beta[Geo37, Channel2]",-0.829993,0.746295,-2.192134,0.58463,0.008592,0.012096,7932.794182,3364.356093,1.001219
"z_beta[Geo37, Channel3]",-0.875918,0.732637,-2.271308,0.449153,0.009304,0.01265,6493.781507,2970.063934,1.000035
"z_beta[Geo37, Channel4]",-0.988522,0.718302,-2.418254,0.239809,0.009433,0.011894,5960.30493,2969.426185,1.002022
"z_beta[Geo38, Channel0]",0.133225,1.005747,-1.707485,2.069234,0.010752,0.017518,8738.655425,2930.202768,1.00115
"z_beta[Geo38, Channel1]",0.06292,1.016487,-1.773651,1.987865,0.011483,0.023113,7968.716262,1877.850847,1.002838
"z_beta[Geo38, Channel2]",0.10383,0.851298,-1.546258,1.606219,0.011262,0.013603,6252.141814,3113.080955,1.000565
"z_beta[Geo38, Channel3]",0.793416,0.682919,-0.614329,1.826461,0.01307,0.016211,3251.267498,2130.488534,1.002019
"z_beta[Geo38, Channel4]",-0.08633,0.834508,-1.640443,1.371392,0.009769,0.012506,7666.940459,3232.679507,1.001853
"z_beta[Geo39, Channel0]",0.430911,1.093393,-1.747934,2.398857,0.017728,0.017663,3821.334079,2722.405564,1.000526
"z_beta[Geo39, Channel1]",0.252112,1.042932,-1.643808,2.237081,0.01173,0.018167,7902.339034,2713.34619,1.002872
"z_beta[Geo39, Channel2]",0.485655,0.860286,-1.251302,1.913365,0.01387,0.014309,4458.198766,2079.496311,0.999754
"z_beta[Geo39, Channel3]",1.232942,0.562579,0.183139,2.197222,0.011691,0.016023,3160.626461,2036.722078,1.000377
"z_beta[Geo39, Channel4]",1.60205,0.56495,0.547783,2.591395,0.011606,0.017219,2998.563041,1820.264536,1.000817
"z_beta[Geo4, Channel0]",-0.059629,0.983546,-1.876325,1.772814,0.011372,0.014511,7503.041702,2954.495085,1.001078
"z_beta[Geo4, Channel1]",-0.174535,0.947725,-1.950901,1.607272,0.010763,0.019064,7743.610564,2874.867639,1.000161
"z_beta[Geo4, Channel2]",-0.312525,0.796585,-1.826442,1.109231,0.010153,0.013077,6915.736916,3125.391649,0.99999
"z_beta[Geo4, Channel3]",-0.629619,0.744187,-1.995213,0.677558,0.009783,0.010337,5815.136277,3445.076898,1.000963
"z_beta[Geo4, Channel4]",-0.366968,0.826853,-1.926479,1.088292,0.011088,0.012737,5828.083106,2838.491957,1.002108
"z_beta[Geo5, Channel0]",-0.006479,0.964769,-1.782573,1.848658,0.01198,0.014919,6458.464081,3326.027192,1.000715
"z_beta[Geo5, Channel1]",-0.037622,0.980642,-1.773122,1.895256,0.009639,0.018313,10349.675901,2937.677294,1.001589
"z_beta[Geo5, Channel2]",-0.252477,0.803797,-1.765378,1.213328,0.010655,0.013256,6134.128214,3226.667974,1.000608
"z_beta[Geo5, Channel3]",-0.436143,0.787849,-2.050221,0.864224,0.010896,0.01303,5539.662539,2962.748578,0.999958
"z_beta[Geo5, Channel4]",0.139547,0.826527,-1.48918,1.519623,0.012728,0.013137,4543.744848,2937.52396,1.001356
"z_beta[Geo6, Channel0]",0.041145,0.987586,-1.791518,1.905148,0.013054,0.017452,5768.160811,3165.700207,1.000235
"z_beta[Geo6, Channel1]",-0.119734,0.992692,-1.959778,1.711084,0.010987,0.017925,8165.072602,2885.518449,1.000424
"z_beta[Geo6, Channel2]",-0.888571,0.749654,-2.261048,0.478928,0.008507,0.012662,7411.551648,2576.368697,1.002713
"z_beta[Geo6, Channel3]",-0.915568,0.742144,-2.337663,0.397547,0.00935,0.011934,6541.094661,2789.853744,1.001805
"z_beta[Geo6, Channel4]",-0.624598,0.782719,-2.055931,0.872333,0.009349,0.013664,7305.170448,3091.847338,0.999751
"z_beta[Geo7, Channel0]",0.093787,1.009239,-1.866753,1.947732,0.011277,0.017873,8001.260605,2721.162075,1.00003
"z_beta[Geo7, Channel1]",0.238923,1.02543,-1.675301,2.185439,0.010997,0.018761,8746.544582,2850.257128,1.000502
"z_beta[Geo7, Channel2]",-0.489764,0.799228,-2.099156,0.881541,0.009938,0.014116,6948.667599,2968.136616,0.999748
"z_beta[Geo7, Channel3]",0.037096,0.777058,-1.352985,1.400645,0.012344,0.012082,4162.62485,2554.411235,1.000191
"z_beta[Geo7, Channel4]",-0.406829,0.818298,-1.961171,1.041755,0.009774,0.01281,7091.130075,2823.787306,1.000462
"z_beta[Geo8, Channel0]",0.1899,0.98667,-1.57869,2.091804,0.012428,0.015345,6379.235952,3104.301068,1.000904
"z_beta[Geo8, Channel1]",0.11108,1.000603,-1.76103,1.950472,0.012139,0.016249,6751.873955,3007.940091,1.002254
"z_beta[Geo8, Channel2]",-0.542605,0.758934,-2.046819,0.753716,0.009479,0.012144,6657.272221,3242.253748,1.000172
"z_beta[Geo8, Channel3]",-0.175804,0.788912,-1.64057,1.226847,0.012487,0.012245,4221.081695,2507.075761,1.003169
"z_beta[Geo8, Channel4]",-0.654034,0.754895,-2.056307,0.699345,0.008943,0.012486,7520.938757,3012.356843,1.0005
"z_beta[Geo9, Channel0]",0.256228,1.051535,-1.759545,2.133284,0.017738,0.01779,3516.040235,2547.481212,1.000764
"z_beta[Geo9, Channel1]",0.06403,0.980509,-1.749493,1.879712,0.010323,0.017162,9010.67823,2942.278949,1.000924
"z_beta[Geo9, Channel2]",-0.81624,0.756508,-2.303317,0.461138,0.008191,0.012721,9171.59463,2944.283649,1.002044
"z_beta[Geo9, Channel3]",-0.457819,0.782417,-1.900436,0.981949,0.010679,0.013166,5462.953167,3228.336515,0.999695
"z_beta[Geo9, Channel4]",-0.763813,0.751295,-2.197097,0.583513,0.008675,0.012598,7934.032479,2737.069882,1.000126
