intensity_pct,precision,spend_change_cu,revenue_change_mean_cu,revenue_change_lo90_cu,revenue_change_hi90_cu,se_revenue_cu,se_per_absolute_spend,evsi_cu,expected_budget_moved_pct,probability_move_over_1pct,probability_channel2_at_upper_bound,mean_weight_ess,predictive_mass_weight_ess_below_100,predictive_mass,quadrature_change_cu,first_two_chains_evsi_cu,last_two_chains_evsi_cu
-20.0,low,-396345.9606114001,-516863.43308245065,-919495.8493533754,-207783.31499458652,237807.57636684,0.5999999999999999,736921.2621096654,2.534908778439834,0.8438645158370707,0.9999999989700099,2805.7979611738615,0.001483601395703994,1.000000000000001,5.684747320017777,720500.929174845,748890.8241070627
-20.0,medium,-396345.9606114001,-516863.43308245065,-919495.8493533754,-207783.31499458652,118903.78818342,0.29999999999999993,1135955.6801431736,2.87063376982477,0.872410633634219,0.999981179250927,1887.6461422513598,0.006078043364286906,1.0000000000000009,9.522208131151274,1121126.970810049,1147396.5322081225
-20.0,high,-396345.9606114001,-516863.43308245065,-919495.8493533754,-207783.31499458652,59451.89409171,0.14999999999999997,1324469.0016957647,2.9272436269035405,0.8894426905689685,0.9998000930724352,1066.7761770279717,0.016423313909400376,1.0000000000000007,1.9683946126606315,1311155.4277865258,1337538.0858096338
10.0,low,198172.98030570004,235315.5795761129,91882.4317609116,423156.2286043097,237807.57636684,1.1999999999999997,294052.35111252795,1.7356802244258451,0.7103926697652169,1.0000000000000009,3519.0224445963295,1.1940772823279392e-05,1.0000000000000009,2.0748300823033787,283302.0630334981,301953.90705231874
10.0,medium,198172.98030570004,235315.5795761129,91882.4317609116,423156.2286043097,118903.78818342,0.5999999999999999,684830.2565145133,2.465889857579574,0.8216077723426576,0.9999999996362177,2899.051559440842,0.001121410515562391,1.000000000000001,2.6406439781421795,668295.0239415811,697034.3899090248
10.0,high,198172.98030570004,235315.5795761129,91882.4317609116,423156.2286043097,59451.89409171,0.29999999999999993,1100839.335695316,2.8518577686398023,0.8688310900772915,0.9999855610355308,1997.229656867717,0.005530180811273443,1.0000000000000009,4.551950477994978,1085535.5872036463,1112490.0019983442
20.0,low,396345.9606114001,457369.36181569006,176941.60846616986,822774.2286327133,237807.57636684,0.5999999999999999,668283.5794527306,2.4438191055113205,0.8409514896460824,0.9999999997946911,2926.529653381658,0.001083165976312318,1.0000000000000009,4.592079295311123,651728.4531549524,680547.6743801564
20.0,medium,396345.9606114001,457369.36181569006,176941.60846616986,822774.2286327133,118903.78818342,0.29999999999999993,1088304.8756754934,2.8445120805590487,0.8844146268867917,0.9999872845189294,2030.7355741860388,0.005274245437606717,1.0000000000000009,5.488392351195216,1072822.3537249106,1100037.9403376766
20.0,high,396345.9606114001,457369.36181569006,176941.60846616986,822774.2286327133,59451.89409171,0.14999999999999997,1308428.137512044,2.929040916280873,0.8853446309841527,0.9998160733689139,1172.3609854567528,0.013806980181768378,1.0000000000000007,7.963966121664271,1294513.7585169214,1321624.7339310807
