channel,precision,se_return,extra_experiment_spend_cu,se_lift_cu,current_return_mean,current_return_sd,evsi_cu,expected_budget_moved_pct,probability_move_over_1pct,probability_channel2_at_upper_bound,mean_weight_ess,predictive_mass_weight_ess_below_100,predictive_mass,quadrature_change_cu,first_two_chains_evsi_cu,last_two_chains_evsi_cu
Channel0,low,0.6,396345.9606114,237807.57636684,1.1539649883403778,0.49966785677765335,668283.579452714,2.443819103285721,0.8409514896460824,0.999999999794691,2926.529653381658,0.0010831659763123275,1.0000000000000009,4.592079426976852,651728.4531551306,680547.6743802255
Channel0,medium,0.3,396345.9606114,118903.78818342,1.1539649883403778,0.49966785677765335,1088304.8756753907,2.844512081406407,0.8844146268867918,0.9999872845189295,2030.7355741860392,0.0052742454376067584,1.0000000000000009,5.4883924385067075,1072822.3537247947,1100037.9403373564
Channel0,high,0.15,396345.9606114,59451.89409171,1.1539649883403778,0.49966785677765335,1308428.1375119612,2.929040902586445,0.8853446309841527,0.9998160733689139,1172.360985456753,0.01380698018176847,1.0000000000000007,7.9639659591484815,1294513.7585169722,1321624.733930844
Channel1,low,0.6,246195.4409074,147717.26454444,0.8814251999797238,0.36719153184977094,154182.61183443049,0.6923731084563565,0.16921761703360613,1.0000000000000009,3260.6985385948574,0.0009577109968930341,1.0000000000000009,2.262420970509993,171282.3776830097,140456.7737970418
Channel1,medium,0.3,246195.4409074,73858.63227222,0.8814251999797238,0.36719153184977094,342415.6113313539,1.0549771446427123,0.22496607290627768,1.0000000000000013,2509.060529693922,0.00431542156650711,1.0000000000000013,6.915264800656587,374797.63946964097,318647.33321353444
Channel1,high,0.15,246195.4409074,36929.31613611,0.8814251999797238,0.36719153184977094,456750.38232030184,1.274227920427044,0.26085683109916247,1.0000000000000004,1606.433135908423,0.011799423378438537,1.0000000000000004,0.0781151179689914,495805.35673717596,431923.80206794024
Channel2,low,0.6,50375.15959824002,30225.095758944008,2.143042666067889,0.685426600631491,15531.501810823944,0.35095747582488335,0.06338781359979989,0.9999999993417279,2674.558398246023,0.005019199039811432,1.0000000000000009,0.0010544249489612412,12069.614510127076,20455.507093009724
Channel2,medium,0.3,50375.15959824002,15112.547879472004,2.143042666067889,0.685426600631491,23624.324487057325,0.46074911427553145,0.10084308534999128,0.9998080454519671,1813.5878381619375,0.013849563489715931,1.0000000000000007,0.007195776594016934,19621.042543933123,33041.04310939152
Channel2,high,0.15,50375.15959824002,7556.273939736002,2.143042666067889,0.685426600631491,31580.1227067199,0.5559431938271502,0.12466716813864107,0.9960370790469254,1046.7839057612796,0.03555654430414468,1.0000000000000007,0.027862565857503796,29854.143396814612,44701.44507779811
Channel3,low,0.6,634919.2242880001,380951.5345728001,1.1436822860246487,0.16562953111967801,48756.683786162976,1.072867916365758,0.45628967919990004,1.0000000000000009,3749.61799206726,1.3005022633476525e-14,1.0000000000000009,0.012922923095175065,47295.689992491076,50260.04358904105
Channel3,medium,0.3,634919.2242880001,190475.76728640005,1.1436822860246487,0.16562953111967801,156002.96377824634,1.8673078884329495,0.686277348674905,1.0000000000000009,3312.8596482414723,8.692328528580699e-06,1.0000000000000009,0.04098081181291491,151990.53904821698,159753.0684265387
Channel3,high,0.15,634919.2242880001,95237.88364320002,1.1436822860246487,0.16562953111967801,349313.02257952036,2.6976188865497184,0.7839967595554322,1.0000000000000007,2559.5891697505076,0.0017727100936470847,1.0000000000000009,1.0617881146608852,341987.95273530803,356372.81131041684
Channel4,low,0.6,323545.35764491407,194127.21458694842,1.0189416735111763,0.16619175103606662,45427.06741070972,0.9030852813879275,0.39333955603263826,1.0000000000000007,3748.2270849520805,3.3285519915536365e-10,1.0000000000000009,0.08135281267459504,48843.405481088936,42162.7866031568
Channel4,medium,0.3,323545.35764491407,97063.60729347421,1.0189416735111763,0.16619175103606662,138605.9750223453,1.4691421270414255,0.6460232829123436,1.0000000000000009,3312.238052764686,8.222773768533581e-05,1.0000000000000009,0.6422320599667728,146459.8602876525,131044.11314343184
Channel4,high,0.15,323545.35764491407,48531.803646737106,1.0189416735111763,0.16619175103606662,293438.00603507843,1.9950692193027955,0.745409144632241,0.9999998117702986,2558.1091012576953,0.0021374796956209765,1.0000000000000009,1.653877247357741,303982.9291941254,283996.29383971595
